Key,Value,Category,Desc
RULESET_VERSION,1.0,meta,규칙 버전. 수치 변경 시 마이너 버전 증가
GRID_W,5,board,그리드 가로
GRID_H,3,board,그리드 세로
ANCHOR_BASE_W,2,anchor,[동결] 기준 심볼(소형 배터리) 턴당 생산량. 모든 수치의 축
BPI_FORMULA,Target/(Turn_Limit*(15-K)*2),anchor,[동결] 유효칸당 요구배율(Min_Expected_Mult) 산출식
SNOW_BASE_PENALTY,1,snow,눈 인접 기초(GEN) 심볼 -1W 고정 (개수 무관·HEAT 태그 면역·하한 0)
SNOW_MULT_FACTOR,0.5,snow,눈 인접 시 인접조건(PER:ADJ) 배율 기여 x0.5 (평면 배율 CAP/AMP는 면역)
SNOW_BLOCK,TRUE,snow,눈 칸에는 심볼 배치 불가
MERGE_COUNT,3,merge,같은 심볼·같은 레벨 3개 보유 시 수동 합성 가능(Lv+1) — v0 플레이 확인으로 자동→수동 변경
MERGE_SCALE_DEFAULT,2.0,merge,합성 시 수치 배율 (LevelScale=MULT2)
MERGE_SCALE_CORE,+0.5,merge,융합 코어 예외: 레벨당 곱연산 +0.5x (LevelScale=ADD05)
MERGE_MAX_LEVEL,3,merge,최대 합성 레벨
AMP_COUNT_RULE,레벨 합,merge,안테나 개수 판정은 보드 위 안테나의 레벨 합계
DRAW_RULE,덱>유효슬롯이면 무작위 추출,board,매 턴 덱에서 유효 슬롯 수만큼 무작위 추출·무작위 배치
START_DECK,SYM_BASE_001 x5 + SYM_MULT_001 x1,economy,시작 덱 (15W/턴)
START_GOLD,10,economy,시작 골드
GOLD_PER_TURN,4,economy,턴당 골드 수입
CLEAR_BONUS,5+2*Stage_ID,economy,층 클리어 보너스
INTEREST,보유 10G당 +1 (최대 +5),economy,층 클리어 시 이자
SHOP_SLOTS,3,economy,상점 슬롯 수
REROLL_COST,1,economy,상점 새로고침 비용
REMOVE_COST,3,economy,심볼 제거 서비스 비용 (덱 압축 수단)
SHOP_RATIO_EARLY_MID,기초70:배율30,economy,1~6층 등장 가중치 비율 (Weight 열 합계로 검증)
COUNTER_GATE,다음 층 Snow_Count>0일 때만 등장,economy,카운터 심볼 등장 조건
CALC_ORDER,기초합→1차합연산→2차곱연산,calc,[동결] 한 턴 전력 = ΣBase x (1+ΣAdd) x ΠMul
CALC_SNOW_ORDER,보너스 적용 후 페널티 적용,calc,기초값+조건보너스 계산 후 눈 페널티 차감(하한 0)
CORE_EVAL,페널티 반영된 최종 기초합 기준,calc,융합 코어 임계(12W) 판정 시점
RULESET_VERSION_V2,2.0,meta,기존 게임 구조 전체 반영판 (승객·설비·종/거래·연쇄·강설·무게·이월·융합)
SNOWFALL_BASE,0.08,snow_v2,4층부터 매 턴 강설 확률 (층당 +0.02·상한 0.6·보드 눈 상한 = 패턴 K+4)
SNOWFALL_MOD,승객/설비 eyeW 환산 ±%p,snow_v2,예: 야간 경비 -20%p·점등원 +15%p
WEIGHT_TAX,0.05,weight,무게 1당 층 목표 전력 +5% (검역관 wcMul 0.65 등으로 감면)
GAUGE_NEED,3→링당+1→최대7,bell,종 게이지 문턱 (옛 gaugeNeed 3/gaugeGrow 1/gaugeNeedMax 7 직역)
GAUGE_FILL,코어 발동 턴 +1 · 눈 제거 턴 +1 · 안테나 세트 턴 +1,bell,결정론 적립 (옛 뱃지 확률 대체)
BELL_POOLS,일반10/우물4/그랜드4/붉은4/하강2,bell,같은 턴 2적립=우물(무대가) · 4링째부터 그랜드 · 3적립=붉은
DEAL_PRICE_SNOW,눈 +N,bell,거래 대가의 핵심 통화 — 배율을 살수록 눈이 쌓인다 (옛 인터폰 직역)
JUMP_RULE,초과전력 → 상승 층수 전환 (10_Progression 참조),progression,옛 상승한계 직역 복원 — 이월 환산 폐기
FUSION,동승자 + 지정 계열 설비 소모 = 각성,fusion,승객별 Fuse_Family/Fuse_Effect 열 참조 (직역)
LUCK,운 1 = 턴당 심볼 1개를 원하는 칸과 맞교환,luck,원작 "자리에 앉혀 준다" 직역 — C 10층 승률 +4.4%p·EV +18% 실측
ENGRAVE,같은 심볼 3턴 연속 탑승 시 영구 +1W,engrave,옛 새김(3회 누적) 번역 — v2.1 예정·미시뮬
DESCENT_MODE,10층 클리어 후 하강 2막 (예약),descent,옛 하강/문 계열·DESC_DEALS 슬롯 — 설계 보류
BPI_NOTE,Min_Expected_Mult는 정적 눈 기준,anchor,강설·무게 인상분 제외 — 실효 목표는 시뮬로 검증
GLAZ_CAP,유리공 연쇄 눈 제거 층당 2회,balance,결정 반영 (리프트 x2.35→x1.68)
PROGRESSION,7734층 완주 구조 — 10_Progression 탭 참조,progression,10층 테이블은 정차 1~10 앵커
RULESET_3.0,클래식 슬롯 코어 (2026-08-24 라이브),meta,레버=전칸 추첨·판 유지·직선 3연속 기본·완성형 잭팟·장치는 뱃지
JUDGE_BASIC,가로 행내 3연속(x1)·4연속(x2)·5연속(x4) + 세로 5열 + 대각 6방향,judge3,직선 3개가 이어지면 기본 당첨
JUDGE_JACKPOT,꺾인 줄 6종(브이·산·지붕·골짜기·내리막·오르막) 5칸 완성 시 x4,judge3,희귀 잭팟 — 실측: 초반 8.8%/레버·순도 60%시 45%·후반(눈5+) 8~16%
JUDGE_OVERLAP,같은 줄 하위 조각 무시(최대 연속 1회)·다른 모양 간 중복 지불,judge3,클로버핏 원리 — 유닛 검증 완료
JUDGE_MULTI,동시 N줄 = 전체 x(1+0.2x(N-1)),judge3,큰 당첨 텍스처
BADGE_RULE,장치는 릴에 없다 — 레버마다 35%로 심볼에 뱃지 부착·당첨 줄 포함 시 발동·레버당 1회(변압기만 줄마다),badge,코어 뱃지 중복 발동 폭주(x2^겹침) 수정 반영
START_POOL_3,어금니5+뼈5+귀3 · 장치: 축전지1,economy3,릴 풀은 문양만
ECON_3,레버당 동전 +1 · 제거 3닢 · 리롤 1닢,economy3,임시 경제 — 정밀 패스 대기
EYE_3,기존 눈 시스템 유지(출현 게이트·최대 8·눈배수·갈이) + 눈 세금 폐지,eye3,당첨 줄 인접 눈 갈림(눈 배수 1.5+ 빌드는 면제)·강설 0.08+0.02x(정차-4)
BELL_3,게이지 적립 = 동시 2줄+ / 코어 발동 / 눈 소멸,bell3,문턱 3→링당+1→최대7 · 내기 배당 2배(정산 복원 2026-08-24)
CRESCENDO,정산 = 작은 줄→큰 줄→완성형 순·팝 점증·완성형 직전 침묵·흔들림+배너,fx3,클로버핏 당첨 사다리 문법
MEASURE_NOTE,Fixture_p30은 게임 엔진 내장 MC(__v2.simLever)로 측정 — 게임과 측정이 같은 코드,meta,측정 전 LINES=20 확인 절차 필수(타이틀 화면은 8줄 유물)
DESIGN_DEBT,소각로/눈꺼풀 기능 중복 · 승객/부품/인터폰 거래는 구코어 어휘 잔존,debt,다음 패스 목록